sequence,label
LKLKSIVSWAKKVL,MP
INWLKLGKAIIDAL,MP
INMKASAAVAKKLL,MP
INLLKIAKGIIKSL,MP
INWKKIFEKVKNLV,MP
INWLKLGKKILGAL,MP
INWLKLGKKMMSAL,MP
INWKKIASIGKEVLKAL,MP
INWKKIAEVGGKILSSL,MP
INWKKIAEIGKQVLSAL,MP
INWKGIAAMAKKLL,MP
VIVKAIATLSKKLL,MP
INLKAIAALARNY,MP
LRLKSIVSYAKKVL,MP
INWKKIKSIIKAAMN,MP
IKWKAILDAVKKVI,MP
INLKAIAALVKKVL,MP
VDWKKIGQHILSVL,MP
LNLKKLLKVAKKIL,MP
KILKRLAAKIKKIL,MP
INLKKLAARIKKKI,MP
FLPIIINLKALAALAKKIL,MP
INLKILARLAKKIL,MP
LNLKGLIKKVASLLN,MP
FDIMGLIKKVAGAL,MP
LNLKGLFKKVASLLT,MP
FDVMGIIKKIAGAL,MP
INLKGLIKKVASLLT,MP
FDLLGLVKKVASAL,MP
FDLLGLVKSVVSAL,MP
FGPVIGLLSGILKSLL,MP
INWKALLDAAKKVL,MP
INWKKMAATALKMI,MP
INWLKAKKVAGMIL,MP
IDWKKLLDAAKQIL,MP
INWSSIFEKVKNLV,MP
INWSSIFESVSNLV,MP
NIWKKIFEKVKNLV,MP
INWLRLGRRILGAL,MP
INWLKLGKKLLSAL,MP
IWNKIAKSIGKVLEKAL,MP
INWKKGKEVLKAL,MP
NIWKKIASIAKEVLKAL,MP
GRILSFIKGLAEHL,MP
LRALLRALLRAL,MP
IDWKKIFEKVKDLV,MP
VIVKAIATLASKLL,MP
KKWRWWLKALAKKLL,MP
LKLKAIAALAKKKW,MP
KKWRKLLKWLAKK,MP
KKWRKLLKKLKKLL,MP
CLNLKALLAVAKKILC,MP
RKKRRQRRRLNLKALLAVAKKIL,MP
LKLMGIVKKVLGAL,MP
LKLLGIVKKVLGAI,MP
LIKKALAALAKLNI,MP
GWTLNSAGYLLGKINLKALAALAKKIL,MP
GNLKALAAVAKKIL,MP
LNLRALLAVARRIL,MP
GNLKKLLAVAKKIL,MP
LNLKKLAAVAKKIL,MP
IDWHHLLDAAHQIL,MP
INLRAIAAFAKKLL,MP
INWIKIGKKIIASL,MP
INKLVIKVGKIVSL,MP
INLKAIAAFAKKLI,MP
KAIAAFAKKFFI,MP
KAIAAFAKALFI,MP
KAIAAFAAKLFI,MP
INLKALAALAKKILYSPWTNF,MP
YSPWTNFINLKALAALAKKIL,MP
INWKKIKSLIKAAMS,MP
INLKAIAALAKKLLG,MP
INWLKLGKMVIDAL,MP
INWLKIAKKVKGML,MP
GLLKRIKTLLPINLKALAALAKKIL,MP
KWKLFKKINWKKIGAVVKKIL,MP
INLKALAALAKKILPGLLKRIKTLL,MP
